"Muni_ID","ID","Muni","barley","maize","oat","rice","rye","triticale","wheat","other_industry","sunflower","potato","bean","chickpea","other_pulses","total"
1601,"1111601","Arcos de Valdevez",0,1801.28,11.14,0,244,0,0,0,0,114.18,12.65,0,0,2183.25
1602,"1111602","Caminha",0,2948.65,16.72,0,48.78,0,0,0,0,104,7.44,0,3.85,3129.44
1603,"1111603","Melgaço",0,104.37,0,0,139.41,0,0,0,0,82.72,2.66,0,0,329.16
1604,"1111604","Monção",0,623.7,16.72,0,320.67,0,0,0,0,166.4,7.44,0,3.84,1138.77
1605,"1111605","Paredes de Coura",0,1036.8,39,0,34.86,0,0,0,0,122.28,4.74,0,0,1237.68
1606,"1111606","Ponte da Barca",0,346.1,0,0,90.6,0,0,0,0,21.02,0,0,3.85,461.57
1607,"1111607","Ponte de Lima",0,15444.98,128.1,0,362.4,0,15.65,0,0,1135.2,68.58,0,49.97,17204.88
1608,"1111608","Valença",0,4535.22,100.32,0,55.76,0,0,0,0,74.9,0,0,3.85,4770.05
1609,"1111609","Viana do Castelo",0,20489.12,39,0,229.95,0,0,0,0,1184.5,44.64,0,11.55,21998.76
1610,"1111610","Vila Nova de Cerveira",0,1322.02,0,0,13.94,0,0,0,0,57.06,9.32,0,0,1402.34
301,"1120301","Amares",0,2113.04,66.85,0,125.44,0,0,0,0,11.89,4.96,0,15.42,2337.6
302,"1120302","Barcelos",0,5783.21,16.72,0,139.41,0,0,0,0,517.5,12.4,0,19.25,6488.49
303,"1120303","Braga",0,3288.9,0,0,117.12,0,0,0,0,94.68,0,0,3.84,3504.54
306,"1120306","Esposende",0,6140.13,0,0,34.86,0,0,0,0,369.72,15.96,0,0,6560.67
310,"1120310","Terras de Bouro",0,1283.53,0,0,76.65,0,0,0,0,11.89,5.26,0,3.85,1381.18
313,"1120313","Vila Verde",0,4294.12,50.15,0,425.04,0,0,0,0,268.06,17.71,0,26.9,5081.98
307,"1130307","Fafe",0,3875.2,16.72,0,466.86,0,0,0,0,103.8,20.24,0,0,4482.82
308,"1130308","Guimarães",0,4953.52,37.16,0,515.44,0,0,0,0,103.2,10.24,0,3.84,5623.4
309,"1130309","Póvoa de Lanhoso",0,2076.6,11.14,0,242.72,0,0,0,0,33.3,7.89,0,3.85,2375.5
1314,"1131314","Santo Tirso",0,3015.42,16.72,0,109.76,0,0,0,0,82.56,0,0,0,3224.46
1318,"1131318","Trofa",0,972.72,0,0,13.94,0,0,0,0,50.45,0,0,0,1037.11
311,"1130311","Vieira do Minho",0,1488.23,0,0,244,0,0,0,0,21.14,7.44,0,0,1760.81
312,"1130312","Vila Nova de Famalicão",0,3913.19,11.14,0,76.65,0,0,0,0,90.81,4.96,0,26.95,4123.7
314,"1130314","Vizela",0,621.18,0,0,0,0,0,0,0,0,0,0,3.85,625.03
107,"1140107","Espinho",0,104.55,0,0,0,0,0,0,0,0,1.86,0,0,106.41
1304,"1141304","Gondomar",0,794.42,20.06,0,76.65,0,0,0,0,61.5,0,0,3.85,956.48
1306,"1141306","Maia",0,345.8,0,0,0,0,0,0,0,31.14,3.72,0,0,380.66
1308,"1141308","Matosinhos",0,310.86,0,0,0,0,0,0,0,90.99,0,0,0,401.85
1312,"1141312","Porto",0,0,0,0,0,0,0,0,0,0,0,0,0,0
1313,"1141313","Póvoa de Varzim",0,1180.48,0,0,0,0,0,0,0,132.47,8.37,0,0,1321.32
1315,"1141315","Valongo",0,34.65,11.14,0,0,0,0,0,0,30.39,0,0,0,76.18
1316,"1141316","Vila do Conde",0,1421.47,0,0,0,0,0,0,0,227.92,3.72,0,0,1653.11
1317,"1141317","Vila Nova de Gaia",0,345.9,16.72,0,0,0,0,0,0,20.92,0,0,11.56,395.1
1301,"1151301","Amarante",0,6822.11,39,0,152.1,0,0,0,0,62.4,35.7,0,3.84,7115.15
1302,"1151302","Baião",0,1661.76,27.87,0,801.36,0,23.46,0,0,9.91,25.2,0,0,2549.56
304,"1150304","Cabeceiras de Basto",0,2460.15,72.4,0,925.98,0,0,0,0,31.98,5.26,0,3.85,3499.62
106,"1150106","Castelo de Paiva",0,1940.96,230.75,0,48.78,0,0,0,0,10.19,7.65,0,3.84,2242.17
305,"1150305","Celorico de Basto",0,5058.9,0,0,195.13,0,0,0,0,9.79,35.14,0,3.85,5302.81
1804,"1151804","Cinfães",0,519,18.58,0,500.61,0,15.65,0,0,0,7.59,0,0,1061.43
1303,"1151303","Felgueiras",0,1835.39,0,0,48.78,0,0,0,0,52.55,7.83,0,3.85,1948.4
1305,"1151305","Lousada",0,242.2,128.1,0,48.78,0,0,0,0,104.6,7.11,0,3.85,534.64
1307,"1151307","Marco de Canaveses",0,2043.17,440.16,0,745.78,0,0,0,0,30.57,30.36,0,3.85,3293.89
1705,"1151705","Mondim de Basto",0,2805.84,0,0,146.4,0,0,0,0,0,25.4,0,0,2977.64
1309,"1151309","Paços de Ferreira",0,1108.16,0,0,-13.94,0,0,0,0,70.42,2.37,0,0,1167.01
1310,"1151310","Paredes",0,380.93,80.19,0,104.51,0,0,0,0,83.2,2.48,0,3.84,655.15
1311,"1151311","Penafiel",0,242.27,108,0,423.92,0,15.65,0,0,199.69,2.66,0,3.85,996.04
1813,"1151813","Resende",0,207.54,28.65,0,647.15,0,246.33,0,0,20.96,2.48,0,0,1153.11
1709,"1151709","Ribeira de Pena",0,2252.25,9.29,0,225.15,0,0,0,0,0,2.58,0,0,2489.27
104,"1160104","Arouca",0,969.36,73.2,0,390.26,0,15.65,0,0,10.01,4.66,0,0,1463.14
113,"1160113","Oliveira de Azeméis",0,969.08,16.72,0,0,0,0,0,0,11.89,1.86,0,3.85,1003.4
109,"1160109","Santa Maria da Feira",0,2559.66,312.12,0,13.94,0,0,0,0,290.08,7.83,0,3.84,3187.47
116,"1160116","São João da Madeira",0,0,0,0,0,0,0,0,0,0,0,0,0,0
119,"1160119","Vale de Cambra",0,1038.6,0,0,15.33,0,0,0,0,0,7.44,0,0,1061.37
1701,"1171701","Alijó",10,236.47,23.76,0,414.69,0,10.98,0,0,49,3.88,0,0,748.78
1801,"1171801","Armamar",0,19.33,0,0,18.85,0,0,0,0,9.88,0,0,0,48.06
403,"1170403","Carrazeda de Ansiães",40,184.7,66.56,0,1744.06,0,921.75,0,0,139.02,8.73,0,6.08,3110.9
404,"1170404","Freixo de Espada à Cinta",10,77.32,465.85,0,376.95,0,996.3,0,0,19.06,5.82,0,0,1951.3
1805,"1171805","Lamego",0,0,0,0,282.72,0,0,0,0,19.88,0,0,0,302.6
1704,"1171704","Mesão Frio",0,0,0,0,0,0,0,0,0,0,0,0,0,0
1807,"1171807","Moimenta da Beira",0,127.68,171,0,1810,0,164.64,0,0,10.01,0,0,6.08,2289.41
1812,"1171812","Penedono",0,72.88,475.44,0,1810,0,271.7,0,0,9.74,5.82,0,0,2645.58
1708,"1171708","Peso da Régua",0,19.33,0,0,0,0,0,0,0,7.62,0,0,0,26.95
1710,"1171710","Sabrosa",0,36.5,23.76,0,160.2,0,0,0,0,29.82,0,0,6.08,256.36
1711,"1171711","Santa Marta de Penaguião",0,0,0,0,0,0,0,0,0,0,0,0,0,0
1815,"1171815","São João da Pesqueira",0,309.74,85.5,0,565.44,0,304.5,0,0,40.04,0,0,0,1305.22
1818,"1171818","Sernancelhe",0,219.12,76.05,0,2724.04,22.26,321.1,0,0,39.92,9.81,9.6,0,3421.9
1819,"1171819","Tabuaço",0,37.04,8.32,0,650.16,0,49.4,0,0,19.96,0,0,0,764.88
1820,"1171820","Tarouca",10,36.64,42.75,0,395.78,0,16.46,0,0,0,0,0,0,501.63
409,"1170409","Torre de Moncorvo",35,308.72,361.2,0,1875.12,0,1091.14,0,0,320.76,17.46,0,6.08,4015.48
410,"1170410","Vila Flor",10,120.26,427.5,0,282.72,0,954.72,0,0,63.36,5.82,0,0,1864.38
914,"1170914","Vila Nova de Foz Côa",15,0,123.6,0,94.25,0,436.32,0,0,11.44,0,0,6.08,686.69
1714,"1171714","Vila Real",10,274.5,147.39,0,528.96,0,24.7,0,0,148.2,3.09,0,12.15,1148.99
401,"1180401","Alfândega da Fé",10,19.32,156.78,0,75.4,0,181.05,0,0,7.62,0,0,6.08,456.25
1702,"1181702","Boticas",0,8267.08,9.51,0,12714.24,0,222.3,0,0,1377.49,0,0,0,22590.62
402,"1180402","Bragança",539.88,1118.13,4185.57,0,29365.56,0,14345.79,0,0,695.1,2.91,12.78,18.24,50283.96
1703,"1181703","Chaves",10,8088.6,813.12,0,60738.25,155.84,3803.53,0,0,3531.52,28.8,3.2,9.12,77181.98
405,"1180405","Macedo de Cavaleiros",210.08,953.68,3056.4,0,9079.15,244.92,4765.8,0,0,118.92,20.37,19.2,24.29,18492.81
406,"1180406","Miranda do Douro",720.01,373.59,9899.34,0,4316.34,22.26,18332.77,0,0,1098.9,0,12.8,139.86,34915.87
407,"1180407","Mirandela",56.91,348.65,1795.64,0,9187.45,66.8,4256.04,0,0,140.7,17.46,6.4,42.12,15918.17
408,"1180408","Mogadouro",340.2,537.08,6375.99,0,3467.52,66.8,15703.32,0,0,435.6,23.28,64.03,267.32,27281.14
1706,"1181706","Montalegre",0,15253.86,23.76,0,29708.7,0,354.09,0,0,3795.53,5.82,0,0,49141.76
1707,"1181707","Murça",10,272.85,57.05,0,753.9,0,90.58,0,0,91.08,18.78,0,0,1294.24
1712,"1181712","Valpaços",25.02,1813.68,319.58,0,21479.5,22.26,1301.68,0,0,1081.28,24.64,6.4,12.15,26086.19
1713,"1181713","Vila Pouca de Aguiar",10,2761.79,162.45,0,5881.04,0,129.36,0,0,554.4,6.26,0,0,9505.3
411,"1180411","Vimioso",125.1,38.64,3175.26,0,4731.72,0,9417.1,0,0,240.48,8.73,18.3,60.8,17816.13
412,"1180412","Vinhais",40,3420.23,3061.28,0,20919.95,55.65,2913.12,0,0,825.85,0,0,6.08,31242.16
101,"1610101","Águeda",10.14,12451.88,706.85,0,15.05,0,786.6,0,0,471.24,14.6,0,10.95,14467.31
102,"1610102","Albergaria-a-Velha",0,20606.4,962.32,0,37.62,0,417.6,0,0,576.4,23.03,0,5.46,22628.83
103,"1610103","Anadia",10.14,3300.44,937.8,0,0,20.19,473.85,0,0,1445.92,0,0,38.28,6226.62
105,"1610105","Aveiro",74.88,12960.12,604.94,0,37.62,0,300.05,0,0,402.69,32.56,0,10.92,14423.78
108,"1610108","Estarreja",0,17288.32,210,0,0,0,91.35,0,0,63.44,7.02,0,10.92,17671.05
110,"1610110","Ílhavo",0,5461,635.01,0,0,353.2,143.52,0,0,582.3,3.51,0,0,7178.54
111,"1610111","Mealhada",0,1587.25,716.72,0,0,0,221.78,0,0,193.8,2.63,0,5.47,2727.65
112,"1610112","Murtosa",0,3565.52,30,0,0,0,0,0,0,0,0,0,0,3595.52
114,"1610114","Oliveira do Bairro",10.14,1523.76,52.5,0,112.84,0,704.4,0,0,434.52,2.63,0,5.46,2846.25
115,"1610115","Ovar",0,5849.36,0,0,15.05,0,26.08,0,0,15.86,2.63,0,0,5908.98
117,"1610117","Sever do Vouga",0,317.85,22.52,0,37.62,0,0,0,0,52.88,6.58,0,0,437.45
118,"1610118","Vagos",10.14,9523.5,967.2,0,60.2,20.19,548.39,0,0,1372.81,37.57,0,16.38,12556.38
602,"1620602","Cantanhede",10.14,9664.16,769.6,0,0,30.28,1229.9,10.48,0,863.63,26.73,0,60.2,12665.12
603,"1620603","Coimbra",0,14044.55,232.54,0,0,0,478.17,0,0,401.14,12.64,5.86,76.5,15251.4
604,"1620604","Condeixa-a-Nova",10.14,1588,427.63,0,0,0,2252.98,0,0,142.12,17.76,5.86,43.8,4488.29
605,"1620605","Figueira da Foz",0,7947.5,1319.22,0,0,70.64,839.04,0,0,152.28,20.23,0,43.8,10392.71
608,"1620608","Mira",30.42,4329.56,0,0,0,20.19,13.04,0,0,334.88,11.68,0,5.47,4745.24
610,"1620610","Montemor-o-Velho",0,9912.24,1548.08,0,37.62,20.19,1513.6,0,0,397.11,50.15,0,43.68,13522.67
613,"1620613","Penacova",0,4563.36,627,0,75.25,0,404.57,0,5.14,499.59,20.72,5.86,21.84,6223.33
615,"1620615","Soure",30.42,11820.3,803.11,0,37.62,0,1691.52,0,0,81.6,28.44,5.86,60.23,14559.1
1004,"1631004","Batalha",101.36,3056.64,67.55,0,0,0,104.4,0,0,213.76,7.89,5.86,21.91,3579.37
1009,"1631009","Leiria",10.14,7436.52,894.2,0,112.84,0,2348.78,0,10.28,256.4,24.32,5.86,79.04,11178.38
1010,"1631010","Marinha Grande",10.14,128.8,15.01,0,37.62,0,0,0,0,0,-5.26,0,5.47,191.78
1015,"1631015","Pombal",60.8,11186.56,1935.1,0,37.62,50.46,4215.96,8.98,5.14,452.2,71.28,29.3,218.68,18272.08
1016,"1631016","Porto de Mós",111.51,2556.4,270.14,0,0,0,456.56,0,5.14,367.64,26.28,5.86,27.36,3826.89
1002,"1641002","Alvaiázere",0,321.15,15.01,0,0,0,26.08,0,5.14,15.86,7.89,5.86,32.78,429.77
1003,"1641003","Ansião",81.12,4399.44,510.09,0,0,0,848.16,0,0,0,15.05,11.73,120.4,5985.99
601,"1640601","Arganil",10.14,3042.24,285.12,0,18.81,0,313.2,0,5.14,56.4,15.05,0,0,3746.1
1007,"1641007","Castanheira de Pêra",0,141.68,0,0,0,0,0,0,0,10.57,5.26,0,0,157.51
1008,"1641008","Figueiró dos Vinhos",0,318.8,22.52,0,0,0,26.09,0,0,40.08,0,0,0,407.49
606,"1640606","Góis",0,382.56,31.5,0,15.05,0,26.09,0,0,25.38,2.63,0,5.46,488.67
607,"1640607","Lousã",0,255.04,135.07,0,0,0,169.6,0,0,39.66,3.16,0,16.4,618.93
609,"1640609","Miranda do Corvo",0,253.04,30,0,0,0,26.08,0,0,34.62,0,0,16.38,360.12
611,"1640611","Oliveira do Hospital",0,1971.91,30,0,15.05,0,0,0,0,256.4,11.56,2.93,5.46,2293.31
612,"1640612","Pampilhosa da Serra",0,362.7,0,0,0,0,0,0,0,0,0,0,0,362.7
1013,"1641013","Pedrógão Grande",0,697.62,22.52,0,0,0,78.28,0,0,0,0,0,0,798.42
614,"1640614","Penela",0,705.43,255.12,0,0,0,169.65,0,0,39.66,3.01,0,21.91,1194.78
616,"1640616","Tábua",0,1141.38,389.98,0,60.2,0,261,0,5.14,65.5,5.94,7.82,43.8,1980.76
617,"1640617","Vila Nova de Poiares",0,884.1,67.5,0,37.62,20.19,150.8,0,5.14,95.2,2.63,0,5.46,1268.64
901,"1650901","Aguiar da Beira",0,2416.04,389.98,0,3114.57,0,221.76,0,0,12.81,11.88,5.86,28.08,6200.98
1802,"1651802","Carregal do Sal",0,191.07,67.5,0,0,0,0,0,0,39.66,3.07,5.86,5.46,312.62
1803,"1651803","Castro Daire",10.14,3684.74,207.2,0,1248.99,0,26.09,0,0,39.18,11.88,0,0,5228.22
1806,"1651806","Mangualde",0,699.38,186.48,0,300.96,0,0,0,0,78,12.2,0,10.92,1287.94
1808,"1651808","Mortágua",0,5205.36,541.84,0,45.15,20.19,603.84,0,0,529.72,16.98,0,5.46,6968.54
1809,"1651809","Nelas",0,318.4,63,0,60.2,0,0,0,0,25.84,12.2,7.82,10.92,498.38
1810,"1651810","Oliveira de Frades",0,2666.16,0,0,18.81,0,0,0,0,26.12,12.16,0,0,2723.25
1811,"1651811","Penalva do Castelo",10.14,1206.69,232.1,0,285.84,0,78.28,0,0,12.46,12.24,2.93,5.46,1846.14
1814,"1651814","Santa Comba Dão",10.14,951.45,244.49,0,60.2,0,26.08,0,2.57,64.9,12.4,5.86,21.84,1399.93
1816,"1651816","São Pedro do Sul",0,1652.56,72.52,0,315.2,20.19,26.09,0,0,38.76,8.88,0,32.8,2167
1817,"1651817","Sátão",10.14,7441.2,397.48,0,2377.5,0,713.4,0,0,37.62,18.24,8.79,28.71,11033.08
1821,"1651821","Tondela",0,4889.5,110,0,158,0,26.08,0,0,326.5,47.36,2.93,38.22,5598.59
1822,"1651822","Vila Nova de Paiva",30.42,7683.5,202.54,0,2355.69,0,152.64,0,0,108.8,6.02,0,0,10539.61
1823,"1651823","Viseu",0,4133.35,1008.8,0,632,0,778.36,0,0,179.06,54,16,54.18,6855.75
1824,"1651824","Vouzela",0,3878.99,0,0,233.25,0,0,0,0,14.1,27.18,5.86,5.46,4164.84
1413,"1661413","Mação",0,116.84,11.73,0,32.46,0,17.02,0,0,0,3.26,0,0,181.31
506,"1660506","Oleiros",0,319,0,0,0,0,17.02,0,0,0,3.26,0,0,339.28
508,"1660508","Proença-a-Nova",28.8,463.2,41.05,0,175.32,0,93.59,0,0,0,0,0,3.44,805.4
509,"1660509","Sertã",0,1214.64,17.6,0,-77.94,0,17.02,0,0,51.54,3.26,3.92,3.44,1233.48
510,"1660510","Vila de Rei",0,172.56,17.6,0,-15.15,0,59.55,0,0,0,0,0,3.44,238
905,"1670905","Fornos de Algodres",0,1187.36,548.11,0,2337.6,0,17.02,0,0,28.35,14.34,2.45,3.44,4138.67
906,"1670906","Gouveia",9.6,637.56,542.3,0,3973.92,0,0,0,0,82.44,9.8,0,6.87,5262.49
912,"1670912","Seia",0,435.6,35.2,0,485.43,0,34.02,0,0,155.04,12.05,0,3.44,1160.78
902,"1680902","Almeida",0,81.78,1443.05,0,2270.75,0,212.67,0,0,9.24,0,0,0,4017.49
903,"1680903","Celorico da Beira",9.6,260.73,648.2,0,3059.76,0,153.12,0,0,73.84,2.61,3.92,3.44,4215.22
904,"1680904","Figueira de Castelo Rodrigo",28.8,204.47,2833.28,0,2096.38,0,719.34,0,0,131.18,3.26,3.92,3.44,6024.07
907,"1680907","Guarda",0,2204,1635.04,0,11491.32,71.45,974.22,0,4.24,101.75,7.05,5,4.58,16498.65
908,"1680908","Manteigas",0,0,29.34,0,290.8,0,0,0,0,0,0,0,0,320.14
909,"1680909","Mêda",48.04,1241.84,457.66,0,3757.34,0,553.08,0,0,0,1.63,3.92,10.32,6073.83
910,"1680910","Pinhel",28.8,2200.96,1947.88,0,6856.78,0,1582.56,28.2,0,27.81,7.35,22,14.76,12717.1
911,"1680911","Sabugal",9.6,1942.33,774.39,0,11081.96,0,1343.92,0,0,83.34,2.54,2.94,3.44,15244.46
913,"1680913","Trancoso",0,2031.4,1013.7,0,4473.72,0,340.47,0,0,55.56,2.18,5.22,11,7933.25
502,"1690502","Castelo Branco",24.7,581.4,575.36,0,1259.9,1858.01,2685.7,0,0,17.18,226.56,3.92,6.87,7239.6
505,"1690505","Idanha-a-Nova",1440.78,1188.59,3565.73,0,12675.54,16997.04,7717.98,129.03,0,0,93.99,0,375.1,44183.78
507,"1690507","Penamacor",9.6,1362.06,2497.76,0,3701.39,71.45,868.02,0,0,27.48,40.29,3.92,0,8581.97
511,"1690511","Vila Velha de Ródão",0,28.56,381.3,0,0,15.88,0,0,0,0,1.63,3.92,0,431.29
501,"16A0501","Belmonte",0,841.29,1078.8,0,7753.9,0,0,0,0,0,10.9,0,0,9684.89
503,"16A0503","Covilhã",0,696,2644.04,0,7967.9,992.12,579.14,0,0,18.62,31.46,2.61,2.29,12934.18
504,"16A0504","Fundão",134.42,4057.2,4305.84,0,5643.32,1015.68,783.06,0,2.12,18.04,70.5,2.61,3.44,16036.23
1001,"16B1001","Alcobaça",1481.78,17037.6,1553.92,0,31.9,0,2491.47,0,0,2827.2,70.02,0,107.12,25601.01
1101,"16B1101","Alenquer",5971.87,6123.6,3693.57,0,-31.9,5041.36,17882.3,50.28,0,1165.32,16.1,95.92,17.84,40026.26
1102,"16B1102","Arruda dos Vinhos",2343.28,2312.94,1793.4,0,0,0,3071.65,50.28,0,118.08,5.36,36.27,17.84,9749.1
1005,"16B1005","Bombarral",211.64,1394.77,236.55,0,0,25.78,296.56,0,0,630.81,0,0,8.92,2805.03
1104,"16B1104","Cadaval",30.24,1114.6,325.08,0,0,0,804.9,0,0,196.69,8.06,0,17.85,2497.42
1006,"16B1006","Caldas da Rainha",45.36,11819.52,285.84,0,15.95,0,1609.8,0,0,993.61,60.45,0,35.64,14866.17
1108,"16B1108","Lourinhã",4002.94,15443.73,995.48,0,-63.8,103.15,7011.58,0,0,13972.32,96.72,0,170.1,41732.22
1011,"16B1011","Nazaré",0,1346.28,108.36,0,0,25.78,42.36,0,0,359.76,17.25,0,0,1899.79
1012,"16B1012","Óbidos",15.12,3557.4,177.3,0,0,0,1567.63,0,0,840.56,17.9,0,26.74,6202.65
1014,"16B1014","Peniche",840.84,9858.6,354.67,0,0,25.78,3023.88,0,0,1047.96,125.44,0,35.68,15312.85
1112,"16B1112","Sobral de Monte Agraço",4580.52,5109.22,2531.36,0,0,-502.84,3770.34,50.28,15.56,354,16.12,0,26.76,15951.32
1113,"16B1113","Torres Vedras",12050.19,25893.92,5266.08,0,0,25.78,20124.26,0,0,4729.64,100.75,50.27,142.8,68383.69
1401,"16C1401","Abrantes",1193.7,2080.31,2026.86,0,127.6,64.47,4018.5,0,6.48,14.31,4.03,0,223.13,9759.39
1402,"16C1402","Alcanena",302.4,427.84,88.69,0,0,0,2464.68,0,0,0,0,0,8.91,3292.52
1408,"16C1408","Constância",0,0,88.69,0,0,0,0,0,0,0,0,0,0,88.69
1410,"16C1410","Entroncamento",0,0,0,0,0,0,42.36,0,0,0,0,0,0,42.36
1411,"16C1411","Ferreira do Zêzere",0,439.08,19.7,0,0,0,42.36,0,0,0,0,0,0,501.14
1421,"16C1421","Ourém",75.6,3616.8,191.25,0,0,0,417,0,0,13.12,9.66,10.05,62.4,4395.88
1417,"16C1417","Sardoal",0,709.31,19.7,0,0,0,0,0,0,0,0,0,0,729.01
1418,"16C1418","Tomar",771.3,219.24,2253.3,0,47.85,0,6955,0,0,13.12,0,0,26.74,10286.55
1419,"16C1419","Torres Novas",1507.44,2957.31,1690.24,0,0,103.15,10924.39,0,0,0,0,0,8.91,17191.44
1420,"16C1420","Vila Nova da Barquinha",0,0,325,0,0,0,614.33,0,9.99,0,0,0,0,949.32
1115,"1711115","Amadora",0,0,0,0,0,0,0,0,0,0,0,0,0,0
1105,"1711105","Cascais",54.45,0,0,0,0,0,0,0,0,0,0,0,0,54.45
1106,"1711106","Lisboa",0,0,0,0,0,0,42.36,0,0,0,0,0,0,42.36
1107,"1711107","Loures",153.45,2081.26,354.67,0,95.7,219.2,854.08,0,54.4,13.12,0,0,44.55,3870.43
1109,"1711109","Mafra",11035.98,17855.02,5634.71,0,0,-21.49,11459.5,42.36,0,2164.85,141.84,20.12,151.7,48484.59
1116,"1711116","Odivelas",0,101.33,0,0,0,0,0,0,0,0,0,0,0,101.33
1110,"1711110","Oeiras",0,0,0,0,0,0,0,0,0,0,0,0,0,0
1111,"1711111","Sintra",1739.22,9765.97,974.4,0,15.95,25.78,13104.79,0,0,870.84,12.09,0,26.76,26535.8
1114,"1711114","Vila Franca de Xira",4993.8,109.56,1166.4,0,0,219.2,17215.05,50.28,262.08,214.65,0,110.64,321.09,24662.75
1502,"1721502","Alcochete",136.08,108.08,659.88,0,0,0,169.44,0,0,0,0,0,53.56,1127.04
1503,"1721503","Almada",0,450.36,147.84,0,0,103.15,593.12,0,0,39.34,5.36,0,26.74,1365.91
1504,"1721504","Barreiro",0,0,0,0,0,0,105.92,0,0,0,0,0,0,105.92
1506,"1721506","Moita",0,218.88,39.42,0,0,0,0,0,0,0,0,0,0,258.3
1507,"1721507","Montijo",310.14,218.98,365.4,0,79.75,799.2,3600.45,0,0,193.05,0,0,17.84,5584.81
1508,"1721508","Palmela",2130.32,3505.28,1837.67,0,31.9,25.78,323.52,0,0,148.6,0,0,62.4,8065.47
1510,"1721510","Seixal",0,0,0,0,0,0,0,0,0,0,0,0,0,0
1511,"1721511","Sesimbra",75.6,126.66,157.69,0,15.95,-464.04,185.36,0,0,0,0,0,0,97.22
1512,"1721512","Setúbal",15.12,202.66,157.69,0,0,0,0,0,0,15.74,0,0,0,391.21
1501,"1811501","Alcácer do Sal",16.17,0,7589.24,0,0,9714.74,19979.76,197.8,234.6,0,0,3.95,611.43,38347.69
1505,"1811505","Grândola",1989.12,1102.56,1602.93,0,26.06,3712.5,2828.46,39.54,88.96,35.91,0,0,561.26,11987.3
211,"1810211","Odemira",1611.9,8683.72,9139.44,0,41.67,10197.03,15273.27,0,118.25,71.52,7.98,3.95,891.78,46040.51
1509,"1811509","Santiago do Cacém",1332.74,2955.52,16078.5,0,41.67,28680.69,26860.34,0,256.68,23.4,0,19.74,544.68,76793.96
1513,"1811513","Sines",0,1151.28,1379.04,0,0,5547.3,6238.66,0,0,52,0,0,92.75,14461.03
1201,"1821201","Alter do Chão",3606,0,1661.73,0,0,2452.5,6391.8,0,0,0,0,55.22,0,14167.25
1202,"1821202","Arronches",1953.72,89.58,5962.58,0,0,12864.63,6643.17,0,0,9.75,0,0,0,27523.43
1203,"1821203","Avis",6112.17,0,9530.36,0,354.24,4489.44,13045.5,0,131.6,0,0,3.95,443.22,34110.48
1204,"1821204","Campo Maior",10163.28,0,6124.46,0,93.8,8831.76,25997.76,0,921.84,0,0,39.45,308.2,52480.55
1205,"1821205","Castelo de Vide",0,0,0,0,1067.58,0,0,0,0,0,0,0,0,1067.58
1206,"1821206","Crato",0,0,70.7,0,0,2010.51,30.58,0,0,0,0,0,0,2111.79
1207,"1821207","Elvas",12650.04,369.36,14080.5,0,0,24051.36,21053.43,0,57.96,23.4,0,15.78,528.66,72830.49
1208,"1821208","Fronteira",5372.94,0,4502.16,0,0,9787.5,10110.24,0,0,0,0,0,147.84,29920.68
1209,"1821209","Gavião",0,553.08,471.45,0,93.8,26.8,1024.59,0,0,29.25,8.34,0,4.22,2211.53
1210,"1821210","Marvão",0,0,0,0,26.06,40.22,0,0,0,0,0,0,0,66.28
1211,"1821211","Monforte",2533.77,0,7824.2,0,0,9372.48,11468.6,0,259.44,0,0,0,16.92,31475.41
707,"1820707","Mora",4425.54,-92.32,3661.21,0,0,2063.56,1422.13,0,13.6,0,0,11.84,257.28,11762.84
1212,"1821212","Nisa",0,0,553.91,0,1318,0,0,0,0,0,0,0,16.92,1888.83
1213,"1821213","Ponte de Sor",612.34,923.6,1755,0,109.44,1388.8,1005,0,81.6,0,2.78,63.25,136.68,6078.49
1214,"1821214","Portalegre",0,0,1390.5,0,250.04,1016.55,1681.68,0,0,12.54,0,0,0,4351.31
701,"1830701","Alandroal",3808.55,0,14312.89,0,0,27431.18,15285.72,0,0,0,0,3.96,147.95,60990.25
702,"1830702","Arraiolos",15154.82,92.44,10719,0,41.67,2881.28,14791.59,0,297,0,0,0,147.95,44125.75
703,"1830703","Borba",3017.69,0,4064.92,0,0,4569.53,1774.08,0,0,0,0,0,25.3,13451.52
704,"1830704","Estremoz",13197.96,0,13986,0,0,8001.7,15413.76,0,513.36,0,2.78,0,172.9,51288.46
705,"1830705","Évora",23984.62,18245.7,55930.5,0,41.67,17475.52,63610.26,0,192.5,0,0,165.76,12.65,179659.18
706,"1830706","Montemor-o-Novo",5907.28,-92.4,4478.68,0,0,2278.56,7767.09,0,0,0,0,0,96.94,20436.15
708,"1830708","Mourão",6418.68,0,5157,0,0,1675.36,9122.75,0,86.18,0,0,0,63.36,22523.33
709,"1830709","Portel",10529.52,0,13193.22,0,0,4931.88,20852.73,0,40.8,0,0,0,0,49548.15
710,"1830710","Redondo",7992,92.47,9335.08,0,0,3967.04,5390.76,0,33.6,0,0,79.05,25.3,26915.3
711,"1830711","Reguengos de Monsaraz",5009.56,0,18198,0,0,22835.28,15795.09,0,0,0,0,7.89,75.88,61921.7
1215,"1831215","Sousel",6973.74,0,4296.93,0,0,7103.25,11414.14,0,198,0,0,410.22,8.43,30404.71
712,"1830712","Vendas Novas",1892.1,91.66,1154.98,0,0,0,91.75,0,0,19.5,0,0,8.43,3258.42
713,"1830713","Viana do Alentejo",1034.72,0,2615.12,0,0,-5166.36,3027.55,0,0,0,0,0,97.2,1608.23
714,"1830714","Vila Viçosa",1261.4,0,3017.28,0,0,8508.78,5946.64,0,0,0,0,0,0,18734.1
201,"1840201","Aljustrel",45860.9,829.44,43983,0,0,25560.2,77030.4,7424.73,6477.72,0,0,51.4,1353.69,208571.48
202,"1840202","Almodôvar",5030.37,92.58,24430.39,0,0,10616.34,15646.8,0,0,0,0,59.34,704.9,56580.72
203,"1840203","Alvito",4819.35,0,9146.22,0,0,0,4128.24,79.11,104.12,0,0,0,84.32,18361.36
204,"1840204","Barrancos",0,0,0,0,0,0,0,0,0,0,0,0,0,0
205,"1840205","Beja",133654.34,0,71955,0,0,45465.54,187380.46,8812.37,16021.8,0,0,264.18,3091.86,466645.55
206,"1840206","Castro Verde",25047.8,0,71645.39,0,0,24445.05,34202.3,752,208.24,0,0,102.57,299.45,156702.8
207,"1840207","Cuba",12675.09,84.87,4954.5,0,0,1835.98,10496.61,0,1625.64,0,0,0,25.3,31697.99
208,"1840208","Ferreira do Alentejo",40018.22,92.15,12262.41,0,0,31204.05,56408.72,2492.55,8909.28,0,0,364,1561.95,153313.33
209,"1840209","Mértola",11821.12,0,46688.89,0,0,37022.88,49046.7,0,27.2,0,0,0,2354.94,146961.73
210,"1840210","Moura",22759.26,0,19236.74,0,0,7003.72,66198,356.31,1776.5,0,0,59.34,261.66,117651.53
212,"1840212","Ourique",8099.96,276.93,34384.5,0,0,18429.54,25195.36,158.25,275,0,0,0,885.78,87705.32
213,"1840213","Serpa",61195.92,0,25280.26,0,0,21593.32,68765.68,237.5,5796,0,0,71.01,3137.25,186076.94
214,"1840214","Vidigueira",14191.88,0,9963,0,0,991.76,19197.42,356.3,1545.6,0,0,0,63.25,46309.21
1403,"1851403","Almeirim",0,0,325,0,0,0,1885.1,0,0,2266.32,0,0,0,4476.42
1404,"1851404","Alpiarça",446.68,1095.7,250.11,0,0,-303.24,4298.7,0,23.34,119.36,0,0,89.1,6019.75
1103,"1851103","Azambuja",1557.9,4927.05,147.72,0,0,0,11312.32,0,341.7,122.4,8.06,0,17.84,18434.99
1405,"1851405","Benavente",5383.6,11398.4,2344.32,0,0,2604,3556.42,301.6,23.59,133.38,0,0,0,25745.31
1406,"1851406","Cartaxo",2551.52,2740.75,240.8,0,143.55,0,2796.15,0,131.04,29,0,10.06,0,8642.87
1407,"1851407","Chamusca",1611.16,986.4,2413.62,0,0,657.6,12833.08,0,0,59.16,0,0,0,18561.02
1409,"1851409","Coruche",3418.82,6684.99,1766.1,0,15.95,1933.97,4863.04,0,13.32,14.91,0,0,44.55,18755.65
1412,"1851412","Golegã",2169.72,2082.21,559.36,0,0,0,5389.36,0,0,626.64,0,0,0,10827.29
1414,"1851414","Rio Maior",1249.76,548.6,512.4,0,0,0,4989.16,0,0,62.96,8.06,0,8.92,7379.86
1415,"1851415","Salvaterra de Magos",1300.5,438.64,980.91,0,79.75,0,3376.8,0,85.5,0,0,0,392.35,6654.45
1416,"1851416","Santarém",15411.2,548,8374.53,0,534.27,2978.38,30907.02,23.78,492.02,44.52,0,79.2,160.36,59553.28
801,"1500801","Albufeira",106.8,0,0,0,0,0,1064.14,0,0,0,0,0,5.28,1176.22
802,"1500802","Alcoutim",0,0,181.76,0,0,0,153.34,0,0,0,0,0,26.48,361.58
803,"1500803","Aljezur",405.79,1814.12,1288.76,0,65.8,0,2933.01,0,0,24.58,2.95,5.39,0,6540.4
804,"1500804","Castro Marim",0,0,0,0,0,0,86.28,0,0,0,0,0,5.29,91.57
805,"1500805","Faro",32.04,0,0,0,0,263.33,143.8,0,0,0,0,0,5.29,444.46
806,"1500806","Lagoa",0,0,107.4,0,0,0,220.48,0,0,0,0,0,0,327.88
807,"1500807","Lagos",234.9,0,143.13,0,0,305.8,824.4,0,0,27.3,0,5.39,10.56,1551.48
808,"1500808","Loulé",405.9,72.12,313.78,0,0,0,0,0,0,0,0,0,0,791.8
809,"1500809","Monchique",10.68,381.72,313.88,0,0,152.9,565.39,0,0,112.86,2.53,0,0,1539.96
810,"1500810","Olhão",0,0,0,0,0,0,0,0,0,0,0,0,0,0
811,"1500811","Portimão",0,62.51,0,0,0,0,105.44,0,0,13.17,0,0,5.29,186.41
812,"1500812","São Brás de Alportel",0,0,16.52,0,0,0,0,0,0,15.36,0,0,0,31.88
813,"1500813","Silves",405.79,192.33,776.3,0,0,50.94,1802.56,0,0,24.58,0,10.77,21.14,3284.41
814,"1500814","Tavira",32.04,248.56,57.8,0,0,0,429.35,0,0,-12.29,0,0,25.65,781.11
815,"1500815","Vila do Bispo",2551.68,263.76,660.6,0,0,1155,2157.18,0,0,0,0,0,5.28,6793.5
816,"1500816","Vila Real de Santo António",0,0,57.8,0,0,0,258.78,0,0,10.24,0,5.39,10.56,342.77
